{
  "current": {
    "show_announcement_bar": true,
    "show_popup": true,
    "show_fixed_message": true,
    "header_layout": "classic",
    "footer_layout": "promotional",
    "product_layout": "classic",
    "image_loading_style": "fade-in",
    "logo_mobile": "",
    "mobile_logo_width": 200,
    "logo_mobile_position": "center",
    "logo_menu_position": "left",
    "show_search_icon_mobile": true,
    "icon_style": "icons",
    "mobile_menu_background_color": "rgba(0,0,0,0)",
    "mobile_menu_opacity": 100,
    "mobile_menu_link_color": "rgba(0,0,0,0)",
    "mobile_menu_link_hover_color": "rgba(0,0,0,0)",
    "button_primary_padding": "regular",
    "button_primary_bg_color": "#000000",
    "button_primary_bg_color_transparency": 100,
    "button_primary_border_color": "rgba(0,0,0,0)",
    "button_primary_text_color": "#ffffff",
    "button_primary_bg_color--highlight": "#606060",
    "button_primary_bg_color_transparency--highlight": 100,
    "button_primary_border_color--highlight": "rgba(0,0,0,0)",
    "button_primary_text_color--highlight": "#ffffff",
    "button_primary_border_radius": 0,
    "button_secondary_padding": "regular",
    "button_secondary_bg_color": "#ffffff",
    "button_secondary_bg_color_transparency": 100,
    "button_secondary_border_color": "#000000",
    "button_secondary_text_color": "#000000",
    "button_secondary_bg_color--highlight": "#000000",
    "button_secondary_bg_color_transparency--highlight": 100,
    "button_secondary_border_color--highlight": "#000000",
    "button_secondary_text_color--highlight": "#ffffff",
    "button_secondary_border_radius": 0,
    "button_link_padding": "regular",
    "button_link_text_color": "#000000",
    "button_link_text_color--highlight": "#ccc",
    "button_link_underline_style": "solid",
    "button_link_underline_thickness": 1,
    "button_cart_padding": "regular",
    "button_cart_bg_color": "#000000",
    "button_cart_bg_color--highlight": "#ff9705",
    "button_cart_border_color": "rgba(0,0,0,0)",
    "button_cart_border_color--highlight": "rgba(0,0,0,0)",
    "button_cart_text_color": "#fff",
    "button_cart_text_color--highlight": "#fff",
    "button_cart_icon": "",
    "button_cart_icon_position": "left",
    "button_cart_border_radius": 2,
    "toggle_icon_style": "carets",
    "breadcrumb_capitalization": "none",
    "breadcrumb_separator": "arrow",
    "breadcrumb_size": "regular",
    "dropdown_style": "vertical",
    "dropdown_position": "below-parent",
    "dropdown_link_spacing": "large",
    "use_placeholders": true,
    "form_button_style": "button--primary",
    "heading_divider_animation": "slideInRight",
    "heading_divider_style": "short",
    "heading_divider_width": 2,
    "toggle_sidebar": false,
    "table_styles_enabled": true,
    "qty_box_style": "box",
    "qty_border_radius": 0,
    "tab_style": "regular",
    "tag_style": "solid",
    "mega_menu_1": true,
    "mega_menu_2": true,
    "mega_menu_3": false,
    "mega_menu_4": false,
    "mega_menu_5": false,
    "mega_menu_6": false,
    "mega_menu_7": false,
    "mega_menu_8": false,
    "mega_menu_9": false,
    "mega_menu_10": false,
    "shop_bg_color": "#ffffff",
    "border_color": "#000000",
    "regular_color": "#000000",
    "link_color": "#76c355",
    "link_hover_color": "#fdcf00",
    "heading_color": "#000000",
    "banner_heading_color": "#000000",
    "divider_color": "#cfcfcf",
    "header_background": "#ffffff",
    "header_link_color": "#000000",
    "header_link_hover_color": "#76c355",
    "header_cart_badge_color": "#000000",
    "show_dropdown_shadow": true,
    "dropdown_background": "#fff",
    "dropdown_background_opacity": 100,
    "dropdown_link_color": "#000000",
    "dropdown_link_hover_color": "#76c355",
    "footer_background": "#f7f7f7",
    "footer_border": "rgba(0,0,0,0)",
    "footer_link_color": "#000000",
    "footer_link_hover_color": "#569f37",
    "footer_text_color": "#000000",
    "sale_color": "#cf0259",
    "was_price_color": "#9f9f9f",
    "product_hover_text_color": "#000000",
    "product_hover_bg_color": "#ffffff",
    "banner_bestseller": "#fdcf00",
    "banner_comingsoon": "#cf0259",
    "banner_new": "#8c50a4",
    "banner_preorder": "#506dd0",
    "banner_sale": "#76c355",
    "banner_staffpick": "#ff9705",
    "qty_icon_color": "#000000",
    "qty_icon_hover_color": "#000000",
    "qty_background_color": "#ffffff",
    "qty_background_hover_color": "#ffffff",
    "icon": "icon_outline",
    "regular__font": "raleway_n4",
    "regular_font_size": 15,
    "logo__font": "raleway_n6",
    "logo_font_size": 20,
    "logo_font_style": "lowercase",
    "nav__font": "raleway_n6",
    "nav_font_size": 14,
    "nav_letter_spacing": 1,
    "nav_font_style": "uppercase",
    "dropdown_heading_font_size": 30,
    "dropdown_font_size": 14,
    "dropdown_letter_spacing": 0,
    "dropdown_font_style": "none",
    "heading__font": "raleway_n7",
    "heading_size": 32,
    "heading_letter_spacing": 0,
    "heading_font_style": "none",
    "preheading_font": "raleway_n4",
    "preheading_size": 15,
    "preheading_style": "none",
    "subheading_font": "raleway_n4",
    "subheading_size": 15,
    "subheading_style": "none",
    "banner_heading__font": "raleway_n7",
    "banner_heading_size": 45,
    "banner_heading_style": "none",
    "banner_text__font": "open_sans_n4",
    "banner_text_size": 15,
    "banner_text_letter_spacing": 1,
    "footer_heading_font_size": 18,
    "footer_font_size": 14,
    "search_option": "everything",
    "search_title": "Search our shop",
    "search_placeholder": "What are you looking for?",
    "search_heading_color": "#569f37",
    "search_display_style": "popup",
    "search_popup_bg": "#ffffff",
    "search_menu": "",
    "display_vendor": false,
    "thumbnail_hover_enabled": true,
    "thumbnail_text_alignment": "center",
    "stickers_enabled": true,
    "sticker_shape": "square",
    "sticker_position": "right",
    "collection_swatches": true,
    "collection_swatches_shape": "square",
    "enable_quickshop": true,
    "quickshop_button_style": "button--secondary",
    "quickshop_show_vendor": false,
    "quickshop_show_price_savings": true,
    "quickshop_magnify_images": false,
    "show_dynamic_checkout_button": true,
    "quickshop_truncate_words": false,
    "quickshop_truncate_words_limit": 20,
    "quickshop_gallery_transition_styles": "slide",
    "quickshop_gallery_position": "left",
    "show_product_gallery_thumbnails": true,
    "qs_popup_color": "#fff",
    "enable_shopify_review_comments": true,
    "enable_shopify_collection_badges": false,
    "display_product_quantity": false,
    "limit_quantity": false,
    "display_inventory_left": false,
    "inventory_threshold": 10,
    "free_price_text": "Free",
    "product_form_style": "swatches",
    "swatch_style": "square",
    "notify_me_form": true,
    "notify_me_description": "<p>Notify me when this product is available:<\/p>",
    "size_chart": "",
    "cart_action": "mini_cart",
    "cart_icon": "bag",
    "display_special_instructions": false,
    "display_tos_checkbox": false,
    "tos_page": "",
    "display_savings": false,
    "display_ajax_quantity_box": false,
    "cart_message": "",
    "go_to_checkout": true,
    "show_multiple_currencies": false,
    "currency_format": "money_with_currency_format",
    "supported_currencies": "USD CAD INR GBP AUD EUR JPY",
    "default_currency": "USD",
    "disqus_enabled": false,
    "disqus_shortname": "",
    "twitter_link": "https:\/\/twitter.com\/shopify",
    "facebook_link": "https:\/\/facebook.com\/shopify",
    "youtube_link": "https:\/\/youtube.com\/user\/shopify",
    "vimeo_link": "",
    "pinterest_link": "https:\/\/pinterest.com\/shopify",
    "tumblr_link": "",
    "instagram_link": "https:\/\/instagram.com\/shopify",
    "snapchat_link": "",
    "houzz_link": "",
    "linkedin_link": "",
    "dribbble_link": "",
    "behance_link": "",
    "flickr_link": "",
    "email_link": "",
    "favicon": "shopify:\/\/shop_images\/favicon.png",
    "checkout_header_image": "shopify:\/\/shop_images\/nourish__page--about-01.jpg",
    "checkout_logo_image": "shopify:\/\/shop_images\/nourish__logo.png",
    "checkout_logo_position": "left",
    "checkout_logo_size": "large",
    "checkout_body_background_image": "",
    "checkout_body_background_color": "#fff",
    "checkout_input_background_color_mode": "white",
    "checkout_sidebar_background_image": "",
    "checkout_sidebar_background_color": "#f7f7f7",
    "checkout_heading_font": "-apple-system, BlinkMacSystemFont, 'Segoe UI', Roboto, Helvetica, Arial, sans-serif, 'Apple Color Emoji', 'Segoe UI Emoji', 'Segoe UI Symbol'",
    "checkout_body_font": "-apple-system, BlinkMacSystemFont, 'Segoe UI', Roboto, Helvetica, Arial, sans-serif, 'Apple Color Emoji', 'Segoe UI Emoji', 'Segoe UI Symbol'",
    "checkout_accent_color": "#569f37",
    "checkout_button_color": "#000000",
    "checkout_error_color": "#e32c2b",
    "show_labels": false,
    "quikckshop_show_price_savings": true,
    "logo_width": 200,
    "btn1_font_size": 21,
    "btn1_border_radius": 0,
    "btn1_block": false,
    "btn1_bg_color": "#ffffff",
    "btn1_border_color": "#000000",
    "btn1_text_color": "#000000",
    "btn1_bg_color--highlight": "#000000",
    "btn1_border_color--highlight": "#000000",
    "btn1_text_color--highlight": "#ffffff",
    "btn2_font_size": 20,
    "btn2_border_radius": 0,
    "btn2_block": false,
    "btn2_bg_color": "rgba(0,0,0,0)",
    "btn2_border_color": "#76c355",
    "btn2_text_color": "#76c355",
    "btn2_bg_color--highlight": "#76c355",
    "btn2_border_color--highlight": "rgba(0,0,0,0)",
    "btn2_text_color--highlight": "#ffffff",
    "btn3_font_size": 12,
    "btn3_border_radius": 2,
    "btn3_bg_color": "#000",
    "btn3_bg_color_transparency": 100,
    "btn3_bg_color--highlight": "#fff",
    "btn3_bg_color_transparency--highlight": 100,
    "btn3_border_color": "#000",
    "btn3_border_color--highlight": "#000",
    "btn3_text_color": "#fff",
    "btn3_text_color--highlight": "#000",
    "btn3_icon": "right-arrow",
    "btn3_icon_position": "right",
    "btn3_animation": "checkmark",
    "sections": {
      "1557099047693": {
        "type": "index__image-with-text-overlay",
        "settings": {
          "image": "shopify:\/\/shop_images\/nourish__iwto-01.jpg",
          "link": "",
          "pretext": "<p>New + Improved<\/p>",
          "title": "Our approach to snacks",
          "subtitle": "<p>Nutritious and delicious. Packed with plant-based protein. Sugar free, gluten free, vegan.&nbsp;<\/p>",
          "pretext_color": "#000000",
          "heading_color": "#000000",
          "subheading_color": "#000000",
          "text_alignment": "left",
          "text_horizontal_position": "left",
          "text_vertical_position": "middle",
          "background_color": "#ffffff",
          "background_opacity": 0,
          "border_color": "#ffffff",
          "border_width": 0,
          "text_width": 40,
          "button_1": "Learn more",
          "button_1_link": "shopify:\/\/pages\/our-story",
          "button_1_style": "button--secondary",
          "button_2": "",
          "button_2_link": "",
          "button_2_style": "button--secondary",
          "mobile_image_crop": "none",
          "mobile_text_below_image": true,
          "pretext_color_mobile": "rgba(0,0,0,0)",
          "heading_color_mobile": "rgba(0,0,0,0)",
          "subheading_color_mobile": "rgba(0,0,0,0)",
          "width": "wide",
          "padding_top": 0,
          "padding_bottom": 0,
          "padding_left": 0,
          "padding_right": 0,
          "animation": "none",
          "css_class": "",
          "custom_css": ""
        }
      },
      "1557099168881": {
        "type": "index__rich-text",
        "settings": {
          "title": "A nourished life",
          "heading_font": "raleway_n7",
          "heading_color": "rgba(0,0,0,0)",
          "heading_alignment": "left",
          "heading_size": 50,
          "text": "<p>We pride ourselves in making&nbsp;snacks, drinks, and powders that are not only healthy &ndash; but also tasty and packed full of flavour. Say good-bye to&nbsp;the days of boring healthy snacks!<\/p>\n<p><\/p>\n<p><\/p>",
          "text_font": "raleway_n4",
          "text_color": "rgba(0,0,0,0)",
          "text_alignment": "left",
          "text_size": 20,
          "columns": 1,
          "button_label": "",
          "button_link": "",
          "button_alignment": "center",
          "button_style": "button--1",
          "background": "#ffffff",
          "gradient": "rgba(0,0,0,0)",
          "gradient_rotation": 180,
          "width": "wide",
          "padding_top": 20,
          "padding_bottom": 0,
          "padding_left": 0,
          "padding_right": 0,
          "animation": "fadeInDown",
          "css_class": "",
          "custom_css": ""
        }
      },
      "announcement-bar": {
        "type": "announcement-bar",
        "settings": {
          "icon_label": "",
          "text": "<p>Check out&nbsp;<strong><a href=\"\/collections\/bundles\" title=\"Meal-in-a-Bottle\">OUR NEW SNACKS!<\/a><\/strong>&nbsp;Use code NEW for 15% off.<\/p>",
          "alignment": "center",
          "size": "regular",
          "button_label": "",
          "link": "",
          "button_style": "button--1",
          "background": "#f7f7f7",
          "text_color": "#000000",
          "width": "wide",
          "homepage_only": false,
          "enable_sticky": false,
          "show_close_icon": false,
          "css_class": "announcement-link",
          "custom_css": ".announcement-link a {\ncolor: #94D976;\nborder-bottom: 1px solid #94D976;\n}"
        }
      },
      "header__top-bar": {
        "type": "header__top-bar",
        "blocks": {
          "header__top-bar-0": {
            "type": "text",
            "settings": {
              "text": "123 Main Street, Pleasantville USA"
            }
          },
          "header__top-bar-1": {
            "type": "social_media",
            "settings": {}
          }
        },
        "block_order": [
          "header__top-bar-0",
          "header__top-bar-1"
        ],
        "settings": {
          "show_top_bar": false,
          "font": "open_sans_n4",
          "font_style": "none",
          "font_size": 14,
          "letter_spacing": 0,
          "background": "rgba(0,0,0,0)",
          "link_color": "rgba(0,0,0,0)",
          "link_hover_color": "rgba(0,0,0,0)",
          "text_color": "rgba(0,0,0,0)",
          "width": "standard",
          "css_class": "",
          "custom_css": ""
        }
      },
      "header-classic": {
        "type": "header-classic",
        "settings": {
          "logo": "shopify:\/\/shop_images\/nourish__logo.png",
          "logo_width": 115,
          "main_linklist": "main-menu",
          "menu_alignment": "start",
          "display_search": true,
          "icon_style": "icons",
          "enable_overlay": false,
          "show_text_shadow": false,
          "overlay_link_color": "rgba(0,0,0,0)",
          "overlay_link_hover_color": "rgba(0,0,0,0)",
          "overlay_background": "rgba(0,0,0,0)",
          "overlay_background_opacity": 0,
          "overlay_logo": "",
          "overlay_logo_width": 80,
          "enable_sticky": true,
          "sticky_background_opacity": 100,
          "scroll_logo_width": 80,
          "width": "wide",
          "vertical_alignment": "center",
          "css_class": "",
          "custom_css": ""
        }
      },
      "mega-menu-1": {
        "type": "mega-menu-1",
        "blocks": {
          "1559582793214": {
            "type": "mixed",
            "settings": {
              "richtext_top": "",
              "image_top": "shopify:\/\/shop_images\/drinks2MM.png",
              "image_link_top": "shopify:\/\/collections\/drinks",
              "image_caption_top": "",
              "menu_1": "drinks-1",
              "menu_1_link": "",
              "menu_2": "",
              "menu_2_link": "",
              "menu_3": "",
              "menu_3_link": "",
              "menu_4": "",
              "menu_4_link": "",
              "image_bottom": "",
              "image_link_bottom": "",
              "richtext_bottom": ""
            }
          },
          "1559582779968": {
            "type": "mixed",
            "settings": {
              "richtext_top": "",
              "image_top": "shopify:\/\/shop_images\/powdersMMa.png",
              "image_link_top": "shopify:\/\/collections\/powder",
              "image_caption_top": "",
              "menu_1": "powders",
              "menu_1_link": "",
              "menu_2": "",
              "menu_2_link": "",
              "menu_3": "",
              "menu_3_link": "",
              "menu_4": "",
              "menu_4_link": "",
              "image_bottom": "",
              "image_link_bottom": "",
              "richtext_bottom": ""
            }
          },
          "1559582757671": {
            "type": "mixed",
            "settings": {
              "richtext_top": "",
              "image_top": "shopify:\/\/shop_images\/mealMM.png",
              "image_link_top": "shopify:\/\/collections\/bundles",
              "image_caption_top": "",
              "menu_1": "drinks",
              "menu_1_link": "",
              "menu_2": "",
              "menu_2_link": "",
              "menu_3": "",
              "menu_3_link": "",
              "menu_4": "",
              "menu_4_link": "",
              "image_bottom": "",
              "image_link_bottom": "",
              "richtext_bottom": ""
            }
          },
          "1559582274641": {
            "type": "featured_promo",
            "settings": {
              "image": "shopify:\/\/shop_images\/nourish__featpromo-01.jpg",
              "richtext": "<p>Meet our new product.&nbsp;Nutritional and convenient, only 100 calories per serving.<\/p>",
              "bgr_color": "#ffffff",
              "text_color": "#000000",
              "promo_link": "shopify:\/\/collections\/new",
              "button_label": "Shop now",
              "button_style": "button--2"
            }
          }
        },
        "block_order": [
          "1559582793214",
          "1559582779968",
          "1559582757671",
          "1559582274641"
        ],
        "settings": {
          "parent_link": "shop",
          "enable_mega_menu_border": false,
          "mega_menu_background_color": "#ffffff",
          "mega_menu_text_color": "#404040",
          "show_mega_bottom_bar": false,
          "mega_bottom_bar_icon": "",
          "mega_bottom_bar_text": "Add your deal, information or promotional text",
          "mega_bottom_bar_link": "",
          "size": "regular",
          "bottom_banner_bg": "#fdcf00",
          "bottom_banner_text": "#000000",
          "css_class": "",
          "custom_css": ""
        }
      },
      "footer__icon-bar": {
        "type": "footer__icon-bar",
        "blocks": {
          "footer__icon-bar-0": {
            "type": "text",
            "settings": {
              "icon": "leaf-2",
              "text": "recyclable packaging",
              "link": ""
            }
          },
          "footer__icon-bar-1": {
            "type": "text",
            "settings": {
              "icon": "heart",
              "text": "membership club",
              "link": "#"
            }
          },
          "footer__icon-bar-2": {
            "type": "text",
            "settings": {
              "icon": "box",
              "text": "delivery to your door",
              "link": ""
            }
          }
        },
        "block_order": [
          "footer__icon-bar-0",
          "footer__icon-bar-1",
          "footer__icon-bar-2"
        ],
        "settings": {
          "show_icon_bar": false,
          "alignment": "center",
          "icon_position": "column",
          "size": "large",
          "background": "#ffffff",
          "link_color": "#000000",
          "link_hover_color": "#94d976",
          "text_color": "#000000",
          "width": "standard",
          "css_class": "",
          "custom_css": ""
        }
      },
      "footer-classic": {
        "type": "footer-classic",
        "blocks": {
          "footer-classic-0": {
            "type": "logo",
            "settings": {
              "logo": "",
              "size": "small",
              "text": "",
              "social_icons_footer": false
            }
          },
          "footer-classic-1": {
            "type": "link_list",
            "settings": {
              "menu": "main-menu",
              "social_icons_footer": false
            }
          },
          "footer-classic-2": {
            "type": "text",
            "settings": {
              "title": "Title",
              "content": "<p>Use this text to share information about your brand with your customers. Describe a product, share announcements, or welcome customers to your store.<\/p>",
              "social_icons_footer": false
            }
          }
        },
        "block_order": [
          "footer-classic-0",
          "footer-classic-1",
          "footer-classic-2"
        ],
        "settings": {
          "copyright_text": "",
          "display_designed_by": true,
          "display_shopify": true,
          "display_payment_methods": true,
          "css_class": "",
          "custom_css": ""
        }
      },
      "footer-promotional": {
        "type": "footer-promotional",
        "blocks": {
          "footer-promotional-1": {
            "type": "link_list",
            "settings": {
              "menu_1": "learn-more",
              "menu_2": "support",
              "menu_3": "related-pages"
            }
          },
          "1564503511731": {
            "type": "newsletter",
            "settings": {
              "newsletter_title": "Subscribe",
              "newsletter_richtext": "<p>Sign up to get the latest on sales, new releases and more …<\/p>",
              "display_first_name": false,
              "display_last_name": false
            }
          },
          "1564503504841": {
            "type": "logo",
            "settings": {
              "logo": "shopify:\/\/shop_images\/nourish__logo.png",
              "size": "small",
              "alignment": "start"
            }
          },
          "1559243315579": {
            "type": "social",
            "settings": {}
          }
        },
        "block_order": [
          "footer-promotional-1",
          "1564503511731",
          "1564503504841",
          "1559243315579"
        ],
        "settings": {
          "copyright_text": "",
          "display_designed_by": true,
          "display_shopify": true,
          "display_payment_methods": true,
          "enable_promo": true,
          "promo_background": "#e5e0e0",
          "promo_text": "#000000",
          "promo_position": "row",
          "promo_image": "shopify:\/\/shop_images\/nourish__footer-promo-01.png",
          "richtext": "<p><strong>Get the inside scoop.<br><\/strong>Healthy recipes &amp; more featured on our Blog!<\/p>",
          "promo_link": "shopify:\/\/blogs\/news",
          "button_label": "",
          "button_style": "button--1",
          "css_class": "",
          "custom_css": ""
        }
      },
      "1559243710737": {
        "type": "index__heading",
        "settings": {
          "preheading": "",
          "title": "Support your health and wellness.",
          "subheading": "",
          "preheading_color": "rgba(0,0,0,0)",
          "heading_color": "rgba(0,0,0,0)",
          "subheading_color": "rgba(0,0,0,0)",
          "background": "rgba(0,0,0,0)",
          "gradient": "rgba(0,0,0,0)",
          "gradient_rotation": 0,
          "heading_alignment": "center",
          "vertical_spacing": "medium",
          "width": "standard",
          "padding_top": 50,
          "padding_bottom": 40,
          "padding_left": 0,
          "padding_right": 0,
          "animation": "none",
          "css_class": "",
          "custom_css": ""
        }
      },
      "1559243878715": {
        "type": "index__image-with-text",
        "blocks": {
          "1559243878715-0": {
            "type": "image",
            "settings": {
              "image": "shopify:\/\/shop_images\/nourish__iwto-02.jpg",
              "image_crop": "none",
              "image_link": ""
            }
          },
          "1559243878715-2": {
            "type": "text",
            "settings": {
              "title": "Nourishment for everyone",
              "heading_size": "large",
              "text": "<p>We believe that everyone should have access to healthy food. We want to work with both our local and international communities and focus on helping those experiencing&nbsp;food insecurity.&nbsp;<\/p>",
              "button_label": "Learn more",
              "link": "shopify:\/\/pages\/our-story",
              "button_style": "button--secondary",
              "background": "#f7f7f7",
              "text_color": "rgba(0,0,0,0)",
              "alignment": "left",
              "vertical_position": "center"
            }
          }
        },
        "block_order": [
          "1559243878715-0",
          "1559243878715-2"
        ],
        "settings": {
          "width": "wide",
          "show_gutter": false,
          "padding_top": 50,
          "padding_bottom": 0,
          "animation": "fadeInLeft",
          "css_class": "",
          "custom_css": ""
        }
      },
      "1559243981492": {
        "type": "index__image-with-text",
        "blocks": {
          "1559243981492-2": {
            "type": "text",
            "settings": {
              "title": "Keeping the environment in mind.",
              "heading_size": "large",
              "text": "<p>We source local ingredients for our drinks and snacks. Additionally, our products do not need refrigeration until opened, so they can live a long time on your shelf with no expiry date. Our product packaging and shipping materials are 100% recyclable.&nbsp;<\/p>",
              "button_label": "",
              "link": "",
              "button_style": "button--1",
              "background": "#f7f7f7",
              "text_color": "rgba(0,0,0,0)",
              "alignment": "left",
              "vertical_position": "center"
            }
          },
          "1559243981492-1": {
            "type": "image",
            "settings": {
              "image": "shopify:\/\/shop_images\/nourish__iwto-03.jpg",
              "image_crop": "none",
              "image_link": ""
            }
          }
        },
        "block_order": [
          "1559243981492-2",
          "1559243981492-1"
        ],
        "settings": {
          "width": "wide",
          "show_gutter": false,
          "padding_top": 25,
          "padding_bottom": 25,
          "animation": "fadeInRight",
          "css_class": "",
          "custom_css": ""
        }
      },
      "mega-menu-2": {
        "type": "mega-menu-2",
        "blocks": {
          "mega-menu-2-2": {
            "type": "mixed",
            "settings": {
              "richtext_top": "Our Story",
              "image_top": "shopify:\/\/shop_images\/hand.jpg",
              "image_link_top": "shopify:\/\/pages\/our-story",
              "image_caption_top": "<p><a href=\"\/pages\/our-story\" title=\"Our Story\">Learn more about how and why we started our company.<\/a><\/p>",
              "menu_1": "",
              "menu_1_link": "",
              "menu_2": "",
              "menu_2_link": "",
              "menu_3": "",
              "menu_3_link": "",
              "menu_4": "",
              "menu_4_link": "",
              "image_bottom": "",
              "image_link_bottom": "",
              "richtext_bottom": ""
            }
          },
          "1559246020796": {
            "type": "mixed",
            "settings": {
              "richtext_top": "Our Products",
              "image_top": "shopify:\/\/shop_images\/products.jpg",
              "image_link_top": "shopify:\/\/collections\/all",
              "image_caption_top": "<p><a href=\"\/collections\/all\" title=\"All Products\">See what's different about our line of health food products.<\/a><\/p>",
              "menu_1": "",
              "menu_1_link": "",
              "menu_2": "",
              "menu_2_link": "",
              "menu_3": "",
              "menu_3_link": "",
              "menu_4": "",
              "menu_4_link": "",
              "image_bottom": "",
              "image_link_bottom": "shopify:\/\/collections",
              "richtext_bottom": ""
            }
          }
        },
        "block_order": [
          "mega-menu-2-2",
          "1559246020796"
        ],
        "settings": {
          "parent_link": "about",
          "enable_mega_menu_border": false,
          "mega_menu_background_color": "#ffffff",
          "mega_menu_text_color": "#404040",
          "show_mega_bottom_bar": true,
          "mega_bottom_bar_icon": "leaf-2",
          "mega_bottom_bar_text": "New snacks on sale now for a limited time! Use code NEW for 15% off.",
          "mega_bottom_bar_link": "",
          "size": "regular",
          "bottom_banner_bg": "#000000",
          "bottom_banner_text": "#ffffff",
          "css_class": "",
          "custom_css": ""
        }
      },
      "collection__banner": {
        "type": "collection__banner",
        "settings": {
          "show_banner": false,
          "image": "",
          "image_darken": false,
          "subtitle": "Subheading",
          "width": "wide",
          "banner_height": "medium",
          "padding_top": 0,
          "padding_bottom": 0,
          "css_class": "",
          "custom_css": ""
        }
      },
      "collection__sidebar": {
        "type": "collection__sidebar",
        "blocks": {
          "collection__sidebar-0": {
            "type": "featured_promo",
            "settings": {
              "promo_background": "#eeeeee",
              "promo_text": "#000000",
              "promo_image": "",
              "richtext": "<p>Use this area for promotional information.<\/p>",
              "promo_link": "",
              "button_label": "Shop now",
              "button_style": "button--1"
            }
          },
          "collection__sidebar-1": {
            "type": "menu",
            "settings": {
              "menu": ""
            }
          },
          "collection__sidebar-2": {
            "type": "text",
            "settings": {
              "title": "Heading",
              "text": "<p>Text area can be used for details about blog authors or general information.<\/p>"
            }
          }
        },
        "block_order": [
          "collection__sidebar-0",
          "collection__sidebar-1",
          "collection__sidebar-2"
        ],
        "settings": {
          "show_sidebar": false,
          "css_class": "",
          "custom_css": ""
        }
      },
      "collection__main": {
        "type": "collection__main",
        "settings": {
          "collection_breadcrumb": true,
          "collection_tags": true,
          "collection_sort": true,
          "show_promo_banner": true,
          "image": "shopify:\/\/shop_images\/nourish__gallery-02.jpg",
          "image_darken": true,
          "promo_title": "New product release",
          "promo_text": "<p>Introducing the&nbsp;<a href=\"\/products\/meal-in-a-bottle-double-mocha\" title=\"Meal-in-a-bottle: Double Mocha\">newest addition<\/a> to our product line.&nbsp;<\/p>",
          "banner_height": "small",
          "align_height": false,
          "collection_height": 200,
          "products_per_row": 3,
          "mobile_products_per_row": "1",
          "pagination_limit": 48,
          "width": "standard",
          "padding_top": 40,
          "padding_bottom": 40,
          "css_class": "",
          "custom_css": ".banner__heading, .banner__subheading {\ncolor: #FFF;\n}"
        }
      },
      "product__sidebar": {
        "type": "product__sidebar",
        "blocks": {
          "product__sidebar-0": {
            "type": "featured_promo",
            "settings": {
              "promo_background": "#eeeeee",
              "promo_text": "#000000",
              "promo_image": "",
              "richtext": "<p>Use this area for promotional information.<\/p>",
              "promo_link": "",
              "button_label": "Shop now",
              "button_style": "button--1"
            }
          },
          "product__sidebar-1": {
            "type": "menu",
            "settings": {
              "menu": ""
            }
          },
          "product__sidebar-2": {
            "type": "text",
            "settings": {
              "title": "Heading",
              "text": "<p>Text area can be used for details about blog authors or general information.<\/p>"
            }
          }
        },
        "block_order": [
          "product__sidebar-0",
          "product__sidebar-1",
          "product__sidebar-2"
        ],
        "settings": {
          "show_sidebar": false,
          "css_class": "",
          "custom_css": ""
        }
      },
      "product__main": {
        "type": "product__main",
        "blocks": {
          "1564672261608": {
            "type": "product_reviews",
            "settings": {
              "padding_top": 0,
              "padding_bottom": 0,
              "animation": "none"
            }
          },
          "1566416883772": {
            "type": "recommended_products",
            "settings": {
              "width": "wide",
              "padding_top": 20,
              "padding_bottom": 20,
              "animation": "none"
            }
          }
        },
        "block_order": [
          "1564672261608",
          "1566416883772"
        ],
        "settings": {
          "product_breadcrumb": false,
          "gallery_arrows": true,
          "enable_zoom": false,
          "enable_product_lightbox": true,
          "slideshow_speed": 3,
          "slideshow_transition": "slide",
          "thumbnail_position": "bottom-thumbnails",
          "enable_thumbnail_slider": true,
          "product_images_position": "left",
          "show_payment_button": true,
          "display_vendor": false,
          "display_sku": false,
          "enable_shopify_product_badges": false,
          "display_savings": true,
          "display_collections": false,
          "display_type": false,
          "display_tags": false,
          "display_social_buttons": false,
          "product_description_position": "bottom",
          "width": "wide",
          "padding_top": 50,
          "padding_bottom": 80,
          "css_class": "",
          "custom_css": ""
        }
      },
      "list-collections__main": {
        "type": "list-collections__main",
        "settings": {
          "collections_per_row": 3,
          "pagination_limit": 48,
          "align_height": false,
          "collection_height": 400,
          "button_style": "button--secondary",
          "overlay_background": "#939393",
          "overlay_background_opacity": 0,
          "overlay_text": "#000000",
          "width": "standard",
          "padding_top": 40,
          "padding_bottom": 40,
          "css_class": "",
          "custom_css": ""
        }
      },
      "blog__banner": {
        "type": "blog__banner",
        "settings": {
          "show_banner": true,
          "image": "shopify:\/\/shop_images\/nourish__page--blog-01.jpg",
          "image_darken": false,
          "subtitle": "Read all about nutritional tips, recipes and more!",
          "width": "wide",
          "banner_height": "medium",
          "padding_top": 0,
          "padding_bottom": 0,
          "css_class": "",
          "custom_css": ""
        }
      },
      "blog__sidebar": {
        "type": "blog__sidebar",
        "blocks": {
          "blog__sidebar-0": {
            "type": "featured_promo",
            "settings": {
              "promo_background": "#eeeeee",
              "promo_text": "#000000",
              "promo_image": "",
              "richtext": "<p>Use this area for promotional information.<\/p>",
              "promo_link": "",
              "button_label": "Shop now",
              "button_style": "button--1"
            }
          },
          "blog__sidebar-1": {
            "type": "menu",
            "settings": {
              "menu": ""
            }
          },
          "blog__sidebar-2": {
            "type": "text",
            "settings": {
              "title": "Heading",
              "text": "<p>Text area can be used for details about blog authors or general information.<\/p>"
            }
          }
        },
        "block_order": [
          "blog__sidebar-0",
          "blog__sidebar-1",
          "blog__sidebar-2"
        ],
        "settings": {
          "show_sidebar": false,
          "sidebar_position": "left",
          "css_class": "",
          "custom_css": ""
        }
      },
      "blog__main": {
        "type": "blog__main",
        "settings": {
          "blog_tags": true,
          "blog_posts_per_row": 1,
          "blog_posts_per_page": 12,
          "blog_author": false,
          "blog_date": true,
          "blog_read_time": true,
          "blog_comment_count": true,
          "blog_show_tags": true,
          "blog_show_excerpt": true,
          "show_border": true,
          "button_label": "Read more",
          "button_type": "button--1",
          "width": "standard",
          "padding_top": 40,
          "padding_bottom": 40,
          "css_class": "",
          "custom_css": ""
        }
      },
      "article__banner": {
        "type": "article__banner",
        "settings": {
          "show_banner": true,
          "image_darken": true,
          "width": "wide",
          "banner_height": "medium",
          "padding_top": 0,
          "padding_bottom": 0,
          "css_class": "post-title-color",
          "custom_css": ".post-title-color h1 {\ncolor: #FFF;\n}"
        }
      },
      "article__sidebar": {
        "type": "article__sidebar",
        "blocks": {
          "1564506943283": {
            "type": "featured_promo",
            "settings": {
              "promo_background": "#f7f7f7",
              "promo_text": "#000000",
              "promo_image": "shopify:\/\/shop_images\/products.jpg",
              "richtext": "<p>Just discovered us? Try&nbsp;one of our products today and <strong>save 10% on your&nbsp;entire order<\/strong>!<\/p>",
              "promo_link": "shopify:\/\/collections\/all",
              "button_label": "Shop now",
              "button_style": "button--secondary"
            }
          },
          "1562088565222": {
            "type": "recent_posts",
            "settings": {
              "title": "More from the blog",
              "blog": "news",
              "blog_post_count": 3
            }
          }
        },
        "block_order": [
          "1564506943283",
          "1562088565222"
        ],
        "settings": {
          "show_sidebar": true,
          "sidebar_position": "left",
          "css_class": "",
          "custom_css": ""
        }
      },
      "article__main": {
        "type": "article__main",
        "settings": {
          "show_breadcrumb": true,
          "blog_author": true,
          "blog_date": true,
          "blog_read_time": true,
          "blog_comment_count": true,
          "show_tags": true,
          "show_featured_image": false,
          "width": "standard",
          "padding_top": 40,
          "padding_bottom": 40,
          "css_class": "",
          "custom_css": ""
        }
      },
      "page-details__main": {
        "type": "page-details__main",
        "blocks": {
          "page-details__main-0": {
            "type": "image_with_overlay",
            "settings": {
              "image": "shopify:\/\/shop_images\/nourish__page--about-01.jpg",
              "link": "",
              "pretext": "",
              "title": "We're dedicated to health and happiness",
              "subtitle": "",
              "pretext_color": "#000000",
              "heading_color": "#000000",
              "subheading_color": "#000000",
              "text_alignment": "center",
              "text_horizontal_position": "center",
              "text_vertical_position": "middle",
              "background_color": "#ffffff",
              "background_opacity": 77,
              "border_color": "#94d976",
              "border_width": 20,
              "text_width": 50,
              "button_1": "",
              "button_1_link": "",
              "button_1_style": "button--secondary",
              "button_2": "",
              "button_2_link": "",
              "button_2_style": "button--secondary",
              "mobile_image_crop": "none",
              "mobile_text_below_image": true,
              "pretext_color_mobile": "rgba(0,0,0,0)",
              "heading_color_mobile": "rgba(0,0,0,0)",
              "subheading_color_mobile": "rgba(0,0,0,0)",
              "width": "wide",
              "padding_top": 0,
              "padding_bottom": 0,
              "padding_left": 0,
              "padding_right": 0,
              "animation": "none"
            }
          },
          "page-details__main-2": {
            "type": "rich_text",
            "settings": {
              "title": "Our vision",
              "heading_font": "raleway_n7",
              "heading_color": "#ffffff",
              "heading_alignment": "center",
              "heading_size": 50,
              "text": "<p>Our product line came from the personal motivation to find not only something healthy that you could eat on-the-go, but to source the&nbsp;highest quality ingredients possible to use. We carefully source and select ingredients to ensure maximum effectiveness.&nbsp;<\/p>\n<p><\/p>\n<p>The connection to what you eat, how you feel, and your level of happiness is so important to pay attention to. Not only do we believe in&nbsp;being mindful to the planet by eating a plant-based diet, but we also believe in living mindful everyday with each other and with ourselves.<\/p>",
              "text_font": "raleway_n4",
              "text_color": "rgba(0,0,0,0)",
              "text_alignment": "left",
              "text_size": 14,
              "columns": 2,
              "button_label": "",
              "button_link": "",
              "button_alignment": "center",
              "button_style": "button--1",
              "background": "#94d976",
              "gradient": "#bbdcac",
              "gradient_rotation": 90,
              "width": "wide",
              "padding_top": 0,
              "padding_bottom": 25,
              "padding_left": 0,
              "padding_right": 0,
              "animation": "none"
            }
          },
          "page-details__main-1": {
            "type": "featured_collection",
            "settings": {
              "title": "Staff picks",
              "collection": "staff-pick",
              "products_per": 5,
              "mobile_products_per_row": "1",
              "products_limit": 10,
              "align_height": true,
              "collection_height": 150,
              "collection_style": "grid",
              "width": "wide",
              "show_gutter": true,
              "padding_top": 25,
              "padding_bottom": 25
            }
          },
          "1562701992807": {
            "type": "featured_video",
            "settings": {
              "aspect_ratio": "16:9",
              "autoplay": false,
              "autoloop": true,
              "iframe_video": "https:\/\/www.youtube.com\/watch?v=CJN1n3fId_A",
              "controls": true,
              "html5_video": "",
              "image": "shopify:\/\/shop_images\/nourish__page--about-02.jpg",
              "pretext": "",
              "title": "Explore new recipes",
              "subtitle": "tips + tricks for the perfect smoothie",
              "pretext_color": "#000000",
              "heading_color": "#000000",
              "subheading_color": "#000000",
              "horizontal_text_position": "left",
              "vertical_text_position": "center",
              "text_align": "left",
              "button_label": "Play video",
              "button_style": "button--secondary",
              "overlay_style": "text_only",
              "video_overlay_color": "#ffffff",
              "gradient": "rgba(0,0,0,0)",
              "gradient_rotation": 180,
              "background_opacity": 77,
              "text_width": 70,
              "width": "wide",
              "padding_top": 20,
              "padding_bottom": 0,
              "padding_left": 0,
              "padding_right": 0,
              "animation": "none"
            }
          },
          "page-details__main-3": {
            "type": "blog",
            "settings": {
              "title": "Recently on the blog",
              "blog_widget_select": "news",
              "home_page_articles": 4,
              "blog_show_tags": true,
              "blog_author": true,
              "read_time": true,
              "blog_date": true,
              "blog_comment_count": false,
              "blog_show_excerpt": true,
              "show-border": true,
              "button_label": "Read more",
              "button_type": "button--1",
              "width": "wide",
              "padding_top": 45,
              "padding_bottom": 25
            }
          }
        },
        "block_order": [
          "page-details__main-0",
          "page-details__main-2",
          "page-details__main-1",
          "1562701992807",
          "page-details__main-3"
        ],
        "settings": {
          "css_class": "",
          "custom_css": ""
        }
      },
      "search__banner": {
        "type": "search__banner",
        "settings": {
          "show_banner": true,
          "image": "shopify:\/\/shop_images\/nourish__page--cart-01.jpg",
          "image_darken": false,
          "width": "wide",
          "banner_height": "medium",
          "padding_top": 0,
          "padding_bottom": 0,
          "css_class": "",
          "custom_css": ""
        }
      },
      "search__sidebar": {
        "type": "search__sidebar",
        "blocks": {
          "search__sidebar-0": {
            "type": "featured_promo",
            "settings": {
              "promo_background": "#eeeeee",
              "promo_text": "#000000",
              "promo_image": "",
              "richtext": "<p>Use this area for promotional information.<\/p>",
              "promo_link": "",
              "button_label": "Shop now",
              "button_style": "button--1"
            }
          },
          "search__sidebar-1": {
            "type": "menu",
            "settings": {
              "menu": ""
            }
          },
          "search__sidebar-2": {
            "type": "text",
            "settings": {
              "title": "Heading",
              "text": "<p>Text area can be used for details about blog authors or general information.<\/p>"
            }
          }
        },
        "block_order": [
          "search__sidebar-0",
          "search__sidebar-1",
          "search__sidebar-2"
        ],
        "settings": {
          "show_sidebar": false,
          "css_class": "",
          "custom_css": ""
        }
      },
      "search__main": {
        "type": "search__main",
        "settings": {
          "text": "<p>Find what you seek.<\/p>",
          "products_per_row": 3,
          "mobile_products_per_row": "2",
          "pagination_limit": 48,
          "align_height": false,
          "collection_height": 200,
          "blog_author": false,
          "blog_date": true,
          "width": "standard",
          "padding_top": 40,
          "padding_bottom": 40,
          "css_class": "",
          "custom_css": ""
        }
      },
      "popup": {
        "type": "popup",
        "settings": {
          "show_close_icon": true,
          "show_popup_on_mobile": true,
          "display_border": true,
          "border_color": "#76c355",
          "border_width": 6,
          "newsletter_title": "Subscribe",
          "newsletter_text": "<p>Sign up to get the latest on sales, new releases and more&hellip;<\/p>",
          "newsletter_section_text_align": "center",
          "text_color": "#000000",
          "background_color": "#ffffff",
          "show_signup_form": true,
          "display_first_name": true,
          "display_last_name": false,
          "image": "shopify:\/\/shop_images\/nourish__popup-01.jpg",
          "image_cropping": "none",
          "image_position": "left",
          "overlay_color": "#ffffff",
          "overlay_background_opacity": 80,
          "popup_delay": 20,
          "popup_days_to_hide": "7",
          "animation": "fadeIn",
          "css_class": "",
          "custom_css": ""
        }
      },
      "1562081079028": {
        "type": "index__gallery",
        "blocks": {
          "1562081079028-0": {
            "type": "image",
            "settings": {
              "image": "shopify:\/\/shop_images\/nourish__gallery-01.jpg",
              "link": ""
            }
          },
          "1562081079028-2": {
            "type": "image",
            "settings": {
              "image": "shopify:\/\/shop_images\/nourish__gallery-02.jpg",
              "link": ""
            }
          },
          "1562081079028-1": {
            "type": "image",
            "settings": {
              "image": "shopify:\/\/shop_images\/nourish__gallery-03.jpg",
              "link": ""
            }
          },
          "1562081079028-3": {
            "type": "image",
            "settings": {
              "image": "shopify:\/\/shop_images\/nourish__gallery-04.jpg",
              "link": ""
            }
          }
        },
        "block_order": [
          "1562081079028-0",
          "1562081079028-2",
          "1562081079028-1",
          "1562081079028-3"
        ],
        "settings": {
          "gallery_type": "classic",
          "crop_images": true,
          "images_per_row": 4,
          "enable_lightbox": true,
          "overlay_color": "#94d976",
          "link_color": "#ffffff",
          "width": "wide",
          "show_gutter": true,
          "padding_top": 20,
          "padding_bottom": 20,
          "animation": "none",
          "css_class": "",
          "custom_css": ""
        }
      },
      "fixed-message": {
        "type": "fixed-message",
        "settings": {
          "text": "<p>We use cookies on our website to give you the best shopping experience. By using this site, you agree to its use of cookies. <\/p>",
          "button_label": "I agree",
          "button_style": "button--secondary",
          "background": "#569f37",
          "background_opacity": 80,
          "text_color": "#000000",
          "width": "wide",
          "css_class": "",
          "custom_css": ""
        }
      },
      "1562085358376": {
        "type": "index__newsletter",
        "disabled": true,
        "settings": {
          "display_first_name": true,
          "display_last_name": true,
          "newsletter_title": "Sign up for our newsletter and save",
          "newsletter_richtext": "",
          "newsletter_section_text_align": "center",
          "background_color": "#506dd0",
          "text_color": "rgba(0,0,0,0)",
          "background_image": "",
          "image_darken": false,
          "image": "",
          "image_cropping": "none",
          "image_position": "left",
          "width": "wide",
          "padding_top": 25,
          "padding_bottom": 25,
          "padding_left": 0,
          "padding_right": 0,
          "animation": "none",
          "css_class": "",
          "custom_css": ""
        }
      },
      "404__banner": {
        "type": "404__banner",
        "settings": {
          "show_banner": true,
          "image": "shopify:\/\/shop_images\/nourish__page--404-01.jpg",
          "image_darken": false,
          "width": "wide",
          "banner_height": "medium",
          "padding_top": 0,
          "padding_bottom": 0,
          "css_class": "",
          "custom_css": ""
        }
      },
      "404__main": {
        "type": "404__main",
        "settings": {
          "not_found_text": "<p>Whoops! That page doesn't exist.<\/p>\n<p>Try searching below or <a href=\"\/collections\/all\">continue shopping<\/a>.<\/p>",
          "display_search_field": true,
          "width": "standard",
          "padding_top": 40,
          "padding_bottom": 40,
          "css_class": "",
          "custom_css": ""
        }
      },
      "password__main": {
        "type": "password__main",
        "settings": {
          "custom_logo": "shopify:\/\/shop_images\/nourish__logo.png",
          "password-page-background": "shopify:\/\/shop_images\/nourish__page--password-01.jpg",
          "pagework_page_bg_stretched": true,
          "copyright_text": "",
          "display_designed_by": true,
          "display_shopify": true,
          "social_media": true,
          "password_page_background_color": "#ffffff",
          "password_page_text_color": "#000000",
          "newsletter_title": "",
          "newsletter_richtext": "",
          "show_signup_form": false,
          "display_first_name": false,
          "display_last_name": false,
          "padding_top": 80,
          "padding_bottom": 40,
          "css_class": "",
          "custom_css": ""
        }
      },
      "product-sections__main": {
        "type": "product-sections__main",
        "blocks": {
          "product-sections__main-1": {
            "type": "product_info",
            "settings": {
              "display_vendor": false,
              "display_sku": false,
              "enable_shopify_product_badges": false,
              "display_savings": true,
              "display_collections": false,
              "display_type": false,
              "display_tags": false,
              "display_social_buttons": true,
              "product_description_position": "top",
              "show_payment_button": true,
              "width": "wide",
              "padding_top": 0,
              "padding_bottom": 0,
              "padding_left": 0,
              "padding_right": 0,
              "animation": "none"
            }
          },
          "product-sections__main-2": {
            "type": "product_gallery",
            "settings": {
              "gallery_arrows": true,
              "enable_zoom": true,
              "enable_product_lightbox": true,
              "slideshow_speed": 3,
              "slideshow_transition": "slide",
              "thumbnail_position": "bottom-thumbnails",
              "enable_thumbnail_slider": true,
              "width": "half",
              "padding_top": 0,
              "padding_bottom": 0,
              "padding_left": 0,
              "padding_right": 0,
              "animation": "none"
            }
          },
          "product-sections__main-0": {
            "type": "rich_text",
            "settings": {
              "title": "Catchy heading",
              "heading_font": "open_sans_n4",
              "heading_color": "rgba(0,0,0,0)",
              "heading_alignment": "center",
              "heading_size": 30,
              "text": "<p>Use this section to create some callout text on your page, or add more details about your shop, services, promotions, etc.<br>You can keep the background color solid or use a background image instead.<\/p>",
              "text_font": "open_sans_n4",
              "text_color": "rgba(0,0,0,0)",
              "text_alignment": "center",
              "text_size": 14,
              "columns": 1,
              "button_label": "Read more",
              "button_link": "",
              "button_alignment": "center",
              "button_style": "button--1",
              "background": "#eeeeee",
              "gradient": "rgba(0,0,0,0)",
              "gradient_rotation": 0,
              "width": "standard",
              "padding_top": 0,
              "padding_bottom": 0,
              "padding_left": 0,
              "padding_right": 0,
              "animation": "none"
            }
          }
        },
        "block_order": [
          "product-sections__main-1",
          "product-sections__main-2",
          "product-sections__main-0"
        ],
        "settings": {
          "product_breadcrumb": false,
          "padding_top": 20,
          "padding_bottom": 0,
          "css_class": "",
          "custom_css": ""
        }
      },
      "login-form": {
        "type": "login-form",
        "settings": {
          "richtext": "",
          "image": "shopify:\/\/shop_images\/nourish__page--login-01.jpg",
          "image_position": "left",
          "width": "standard",
          "padding_top": 40,
          "padding_bottom": 80,
          "css_class": "",
          "custom_css": ""
        }
      },
      "cart__banner": {
        "type": "cart__banner",
        "settings": {
          "show_banner": true,
          "image": "shopify:\/\/shop_images\/nourish__page--cart-01.jpg",
          "image_darken": false,
          "subtitle": "",
          "width": "wide",
          "banner_height": "medium",
          "padding_top": 0,
          "padding_bottom": 0,
          "css_class": "",
          "custom_css": ""
        }
      },
      "cart__main": {
        "type": "cart__main",
        "blocks": {
          "1562088179144": {
            "type": "featured_collection",
            "settings": {
              "title": "Don't miss out on these items!",
              "collection": "cart-page",
              "products_per": 3,
              "mobile_products_per_row": "1",
              "products_limit": 10,
              "align_height": false,
              "collection_height": 200,
              "collection_style": "grid",
              "width": "wide",
              "show_gutter": true,
              "padding_top": 20,
              "padding_bottom": 20
            }
          }
        },
        "block_order": [
          "1562088179144"
        ],
        "settings": {
          "display_product_quantity_cart": true,
          "display_savings": true,
          "cart_message": "",
          "width": "standard",
          "padding_top": 40,
          "padding_bottom": 40,
          "css_class": "",
          "custom_css": ""
        }
      },
      "1562162827149": {
        "type": "index__featured-collection",
        "settings": {
          "title": "Stay cool this summer",
          "collection": "juice",
          "products_per": 4,
          "mobile_products_per_row": "1",
          "products_limit": 10,
          "align_height": false,
          "collection_height": 200,
          "collection_style": "slider",
          "width": "wide",
          "show_gutter": true,
          "padding_top": 70,
          "padding_bottom": 30,
          "css_class": "",
          "custom_css": ""
        }
      },
      "1562163151831": {
        "type": "index__featured-promotions",
        "blocks": {
          "1562163151831-2": {
            "type": "image",
            "settings": {
              "image": "shopify:\/\/shop_images\/nourish__featpromo-01.jpg",
              "link": "shopify:\/\/collections\/powder",
              "overlay_background": "rgba(0,0,0,0)",
              "overlay_background_opacity": 70,
              "overlay_text": "rgba(0,0,0,0)",
              "icon_label": "",
              "title": "Powders",
              "text": "<p><strong>The perfect addition to your morning or after-workout smoothie! Now in available new flavours.<\/strong><\/p>"
            }
          },
          "1562163151831-0": {
            "type": "image",
            "settings": {
              "image": "shopify:\/\/shop_images\/nourish__featpromo-02.jpg",
              "link": "shopify:\/\/collections\/drinks",
              "overlay_background": "rgba(0,0,0,0)",
              "overlay_background_opacity": 70,
              "overlay_text": "rgba(0,0,0,0)",
              "icon_label": "",
              "title": "Drinks",
              "text": "<p><strong>If you have a busy lifestyle where you're always on the go,&nbsp;choose one of our drinks for a complete meal.&nbsp;<\/strong><\/p>"
            }
          },
          "1562163151831-1": {
            "type": "image",
            "settings": {
              "image": "shopify:\/\/shop_images\/nourish__featpromo-03.jpg",
              "link": "shopify:\/\/collections\/bundles",
              "overlay_background": "rgba(0,0,0,0)",
              "overlay_background_opacity": 70,
              "overlay_text": "rgba(0,0,0,0)",
              "icon_label": "",
              "title": "Meals",
              "text": "<p><strong>Our meals-in-a-bottle&nbsp;are wholesome, satisfying and packed with&nbsp;essential nutrients.<\/strong><\/p>"
            }
          }
        },
        "block_order": [
          "1562163151831-2",
          "1562163151831-0",
          "1562163151831-1"
        ],
        "settings": {
          "border_radius": 0,
          "crop_images": true,
          "overlay_background": "#1f1e21",
          "overlay_background_opacity": 30,
          "overlay_text": "#ffffff",
          "show_border": false,
          "width": "wide",
          "show_gutter": false,
          "padding_top": 25,
          "padding_bottom": 25,
          "animation": "none",
          "css_class": "",
          "custom_css": ""
        }
      },
      "1562701274900": {
        "type": "index__icon-with-text-column",
        "blocks": {
          "1562701274900-1": {
            "type": "logo_image",
            "settings": {
              "icon_label": "droplet",
              "title": "Drink your Veggies",
              "text": "<p>Stay hydrated and healthy. Our products include beneficial nutrients and&nbsp;water-rich veggies.<\/p>",
              "button_label": "",
              "link": ""
            }
          },
          "1562701274900-0": {
            "type": "logo_image",
            "settings": {
              "icon_label": "gift",
              "title": "Sign up & Save",
              "text": "<p>Join our membership club&nbsp;and save on our products, plus get free shipping.<\/p>",
              "button_label": "",
              "link": ""
            }
          },
          "1562701274900-2": {
            "type": "logo_image",
            "settings": {
              "icon_label": "leaf",
              "title": "Our Promise",
              "text": "<p>We love Mother Earth. All of our production and shipping is environmentally friendly.<\/p>",
              "button_label": "",
              "link": ""
            }
          }
        },
        "block_order": [
          "1562701274900-1",
          "1562701274900-0",
          "1562701274900-2"
        ],
        "settings": {
          "icons_per_row": 3,
          "icon_size": "medium",
          "align_text": "center",
          "button_style": "button--1",
          "icon_color": "#76c355",
          "text_color": "rgba(0,0,0,0)",
          "background": "rgba(0,0,0,0)",
          "gradient": "rgba(0,0,0,0)",
          "gradient_rotation": 0,
          "width": "standard",
          "show_gutter": true,
          "padding_top": 0,
          "padding_bottom": 20,
          "padding_left": 0,
          "padding_right": 0,
          "animation": "none",
          "css_class": "",
          "custom_css": ""
        }
      },
      "1562807562666": {
        "type": "index__featured-product",
        "settings": {
          "featured_product": "powder5",
          "gallery_arrows": false,
          "enable_zoom": false,
          "enable_product_lightbox": true,
          "slideshow_speed": 0,
          "slideshow_transition": "slide",
          "thumbnail_position": "bottom-thumbnails",
          "enable_thumbnail_slider": true,
          "product_images_position": "left",
          "display_vendor": false,
          "display_sku": false,
          "enable_shopify_product_badges": false,
          "display_savings": true,
          "show_payment_button": true,
          "show_description": true,
          "custom_description": "",
          "product_description_position": "top",
          "display_collections": false,
          "display_type": false,
          "display_tags": false,
          "display_social_buttons": false,
          "width": "standard",
          "padding_top": 80,
          "padding_bottom": 80,
          "animation": "zoomIn",
          "css_class": "",
          "custom_css": ""
        }
      },
      "product__recommendations": {
        "type": "product__recommendations",
        "settings": {
          "show_product_recommendations": true,
          "product_recommendations_style": "grid",
          "product_recommendations_heading": "You may also like",
          "products_per": 3,
          "recommended_products_limit": 3,
          "align_height": false,
          "collection_height": 200
        }
      },
      "page__main": {
        "type": "page__main",
        "settings": {
          "width": "standard",
          "padding_top": 40,
          "padding_bottom": 40,
          "css_class": "",
          "custom_css": ""
        }
      },
      "page-faq__banner": {
        "type": "page-faq__banner",
        "settings": {
          "show_banner": false,
          "image": "",
          "image_darken": false,
          "subtitle": "Subheading",
          "width": "wide",
          "banner_height": "medium",
          "padding_top": 0,
          "padding_bottom": 0,
          "css_class": "",
          "custom_css": ""
        }
      },
      "page-faq__main": {
        "type": "page-faq__main",
        "settings": {
          "width": "standard",
          "padding_top": 40,
          "padding_bottom": 40,
          "css_class": "",
          "custom_css": ""
        }
      },
      "page-faq__column1": {
        "type": "page-faq__column1",
        "blocks": {
          "page-faq__column1-0": {
            "type": "heading",
            "settings": {
              "title": "Products"
            }
          },
          "page-faq__column1-1": {
            "type": "content",
            "settings": {
              "title": "Are your products considered weight-loss\/diet supplements?",
              "answer": "<p>Our products are not dietary supplements, however, because of all the balanced nutrients and plant-protein, they may help improve your overall diet! Every BODY is different, and everyone requires a different amount of food and nutrients, so please consult with a professional&nbsp;for more information on diet\/weight-loss programs.&nbsp;<\/p>"
            }
          },
          "page-faq__column1-2": {
            "type": "content",
            "settings": {
              "title": "How long do your products last?",
              "answer": "<p>Our products have a long shelf life, but they do all each include expiry dates. Please make sure to read what the expiry date is on each package, and enjoy before that!&nbsp;<\/p>"
            }
          },
          "page-faq__column1-3": {
            "type": "content",
            "settings": {
              "title": "Can I recycle the product packaging?",
              "answer": "<p>All of our packaging is 100% recyclable. The mailers\/shipping packaging is also 100% compostable &ndash; being environmentally friendly and sustainable is a top priority for us.&nbsp;<\/p>\n<p><\/p>"
            }
          },
          "page-faq__column1-5": {
            "type": "content",
            "settings": {
              "title": "Are your products safe to consume while pregnant or breastfeeding?",
              "answer": "<p>Absolutely! There are no ingredients that would be harmful to either. However, if you are concerned, you may want to consult with your health care professional.&nbsp;<\/p>"
            }
          },
          "page-faq__column1-4": {
            "type": "heading",
            "settings": {
              "title": "Returns\/Shipping"
            }
          },
          "page-faq__column1-6": {
            "type": "content",
            "settings": {
              "title": "Do you offer refunds?",
              "answer": "<p>If you don't love our products, please contact us within 14 days of purchase to set up a refund. Please note, we may require proof of purchase to consider your refund request.<\/p>"
            }
          },
          "page-faq__column1-7": {
            "type": "content",
            "settings": {
              "title": "Do you ship internationally?",
              "answer": "<p>Currently, we only ship within Canada and the United States. We are working on shipping internationally though, so hold tight! We appreciate your patience and interest :)<\/p>"
            }
          }
        },
        "block_order": [
          "page-faq__column1-0",
          "page-faq__column1-1",
          "page-faq__column1-2",
          "page-faq__column1-3",
          "page-faq__column1-5",
          "page-faq__column1-4",
          "page-faq__column1-6",
          "page-faq__column1-7"
        ],
        "settings": {
          "padding_top": 0,
          "padding_bottom": 0,
          "css_class": "",
          "custom_css": ""
        }
      },
      "page-faq__column2": {
        "type": "page-faq__column2",
        "blocks": {
          "page-faq__column2-0": {
            "type": "image",
            "settings": {
              "image": "shopify:\/\/shop_images\/nourish__page--faq-01.jpg"
            }
          }
        },
        "block_order": [
          "page-faq__column2-0"
        ],
        "settings": {
          "padding_top": 0,
          "padding_bottom": 0,
          "css_class": "",
          "custom_css": ""
        }
      },
      "page-contact__banner": {
        "type": "page-contact__banner",
        "settings": {
          "show_banner": false,
          "image": "",
          "image_darken": false,
          "subtitle": "",
          "width": "wide",
          "banner_height": "medium",
          "padding_top": 0,
          "padding_bottom": 0,
          "css_class": "",
          "custom_css": ""
        }
      },
      "page-contact__main": {
        "type": "page-contact__main",
        "blocks": {
          "page-contact__main-0": {
            "type": "textfield",
            "settings": {
              "label": "Name",
              "required": true
            }
          },
          "page-contact__main-1": {
            "type": "email",
            "settings": {
              "label": "Email"
            }
          },
          "1564427193774": {
            "type": "checkbox",
            "settings": {
              "label": "Which product are you inquiring about?",
              "required": true,
              "options_1": "Drinks",
              "options_2": "Powder",
              "options_3": "Meal-in-a-bottle",
              "options_4": "None",
              "options_5": "",
              "options_6": "",
              "options_7": "",
              "options_8": "",
              "options_9": "",
              "options_10": ""
            }
          },
          "page-contact__main-2": {
            "type": "textarea",
            "settings": {
              "label": "Message",
              "required": true
            }
          }
        },
        "block_order": [
          "page-contact__main-0",
          "page-contact__main-1",
          "1564427193774",
          "page-contact__main-2"
        ],
        "settings": {
          "content_image": "shopify:\/\/shop_images\/nourish__page--contact-01.jpg",
          "title": "Have any questions?",
          "content_text": "<p>We're always happy to chat and help answer any questions you may have! Please note, we try our best to respond to all inquiries within 48 hours, Monday - Friday.<\/p>",
          "social_enable": true,
          "text_alignment": "left",
          "background": "#fdcf00",
          "text_color": "#000000",
          "form_position": "right",
          "width": "standard",
          "padding_top": 40,
          "padding_bottom": 40,
          "css_class": "",
          "custom_css": ""
        }
      },
      "page-contact__sections": {
        "type": "page-contact__sections",
        "blocks": {
          "page-contact__sections-1": {
            "type": "map",
            "settings": {
              "map_address": "Vancouver, BC",
              "map_height": 400,
              "zoom_level": 9,
              "map_image": "",
              "api_key": "",
              "show_pin": false,
              "map_style": "silver",
              "width": "wide",
              "padding_top": 20,
              "padding_bottom": 0,
              "padding_left": 0,
              "padding_right": 0,
              "animation": "none"
            }
          }
        },
        "block_order": [
          "page-contact__sections-1"
        ],
        "settings": {}
      }
    },
    "content_for_index": [
      "1557099047693",
      "1557099168881",
      "1562163151831",
      "1562162827149",
      "1559243710737",
      "1562701274900",
      "1559243878715",
      "1559243981492",
      "1562085358376",
      "1562807562666",
      "1562081079028"
    ]
  }
}